//SRC定義,(NULL),gr,x,y,w,h,div_x,div_y,cycle,timer
#SRC_IMAGE,0,0,0,0,48,552,1,1,0,0
//DST定義,(NULL),time,x,y,w,h,acc,a,r,g,b,blend,filter,angle,center,loop,timer,op1,op2,op3
#DST_IMAGE,0,0,256,-552,48,552,0,255,255,255,255,1,0,0,0,500,0,0,0,0
#DST_IMAGE,0,500,256,0,48,552,0,255,255,255,255,1,0,0,0
//SRC定義,(NULL),gr,x,y,w,h,div_x,div_y,cycle,timer
#SRC_IMAGE,0,0,49,0,48,552,1,1,0,0
//DST定義,(NULL),time,x,y,w,h,acc,a,r,g,b,blend,filter,angle,center,loop,timer,op1,op2,op3
#DST_IMAGE,0,0,976,-552,48,552,0,255,255,255,255,1,0,0,0,500,0,0,0,0
#DST_IMAGE,0,500,976,0,48,552,0,255,255,255,255,1,0,0,0
//SRC定義,(NULL),gr,x,y,w,h,div_x,div_y,cycle,timer
#SRC_IMAGE,0,0,684,0,293,484,1,1,0,0
//DST定義,(NULL),time,x,y,w,h,acc,a,r,g,b,blend,filter,angle,center,loop,timer,op1,op2,op3
#DST_IMAGE,0,0,304,-552,293,484,0,255,255,255,255,1,0,0,0,500,0,0,0,0
#DST_IMAGE,0,500,304,0,293,484,0,255,255,255,255,1,0,0,0
//SRC定義,(NULL),gr,x,y,w,h,div_x,div_y,cycle,timer
#SRC_IMAGE,0,0,978,0,293,484,1,1,0,0
//DST定義,(NULL),time,x,y,w,h,acc,a,r,g,b,blend,filter,angle,center,loop,timer,op1,op2,op3
#DST_IMAGE,0,0,683,-552,293,484,0,255,255,255,255,1,0,0,0,500,0,0,0,0
#DST_IMAGE,0,500,683,0,293,484,0,255,255,255,255,1,0,0,0
//SRC定義,(NULL),gr,x,y,w,h,div_x,div_y,cycle,timer
#SRC_IMAGE,0,0,66,1447,86,552,1,1,0,0
//DST定義,(NULL),time,x,y,w,h,acc,a,r,g,b,blend,filter,angle,center,loop,timer,op1,op2,op3
#DST_IMAGE,0,0,597,-552,86,552,0,255,255,255,255,1,0,0,0,500,0,0,0,0
#DST_IMAGE,0,500,597,0,86,552,0,255,255,255,255,1,0,0,0
//SRC定義,(NULL),gr,x,y,w,h,div_x,div_y,cycle,timer
#SRC_IMAGE,0,0,0,1447,32,552,1,1,0,0
//DST定義,(NULL),time,x,y,w,h,acc,a,r,g,b,blend,filter,angle,center,loop,timer,op1,op2,op3
#DST_IMAGE,0,0,0,-552,32,552,0,255,255,255,255,1,0,0,0,500,0,0,0,0
#DST_IMAGE,0,500,0,0,32,552,0,255,255,255,255,1,0,0,0
//SRC定義,(NULL),gr,x,y,w,h,div_x,div_y,cycle,timer
#SRC_IMAGE,0,0,33,1447,32,552,1,1,0,0
//DST定義,(NULL),time,x,y,w,h,acc,a,r,g,b,blend,filter,angle,center,loop,timer,op1,op2,op3
#DST_IMAGE,0,0,1248,-552,32,552,0,255,255,255,255,1,0,0,0,500,0,0,0,0
#DST_IMAGE,0,500,1248,0,32,552,0,255,255,255,255,1,0,0,0