#IF,931
//Shutter
//Left
//SRC定義,(NULL),gr,x,y,w,h,div_x,div_y,cycle,timer
#SRC_IMAGE,0,22,0,0,224,552,1,1,0,0
//DST定義,(NULL),time,x,y,w,h,acc,a,r,g,b,blend,filter,angle,center,loop,timer,op1,op2,op3
#DST_IMAGE,0,0,32,-552,224,552,0,255,255,255,255,0,0,0,0,500,0,0,0,0
#DST_IMAGE,0,500,32,0,224,552,0,255,255,255,255,0,0,0,0
//Right
//SRC定義,(NULL),gr,x,y,w,h,div_x,div_y,cycle,timer
#SRC_IMAGE,0,22,225,0,224,552,1,1,0,0
//DST定義,(NULL),time,x,y,w,h,acc,a,r,g,b,blend,filter,angle,center,loop,timer,op1,op2,op3
#DST_IMAGE,0,0,1024,-552,224,552,0,255,255,255,255,0,0,0,0,500,0,0,0,0
#DST_IMAGE,0,500,1024,0,224,552,0,255,255,255,255,0,0,0,0
#ELSEIF,932,
//Shutter
//Left
//SRC定義,(NULL),gr,x,y,w,h,div_x,div_y,cycle,timer
#SRC_IMAGE,0,22,0,0,224,552,1,1,0,0
//DST定義,(NULL),time,x,y,w,h,acc,a,r,g,b,blend,filter,angle,center,loop,timer,op1,op2,op3
#DST_IMAGE,0,0,32,-552,224,552,0,255,255,255,255,0,0,0,0,-1,0,0,0,0
#DST_IMAGE,0,500,32,0,224,552,0,255,255,255,255,0,0,0,0
#DST_IMAGE,0,750,32,0,224,552,0,255,255,255,255,0,0,0,0
#DST_IMAGE,0,1250,-224,0,224,552,0,255,255,255,255,0,0,0,0
//Right
//SRC定義,(NULL),gr,x,y,w,h,div_x,div_y,cycle,timer
#SRC_IMAGE,0,22,225,0,224,552,1,1,0,0
//DST定義,(NULL),time,x,y,w,h,acc,a,r,g,b,blend,filter,angle,center,loop,timer,op1,op2,op3
#DST_IMAGE,0,0,1024,-552,224,552,0,255,255,255,255,0,0,0,0,-1,0,0,0,0
#DST_IMAGE,0,500,1024,0,224,552,0,255,255,255,255,0,0,0,0
#DST_IMAGE,0,750,1024,0,224,552,0,255,255,255,255,0,0,0,0
#DST_IMAGE,0,1250,1280,0,224,552,0,255,255,255,255,0,0,0,0
#ENDIF,